<?xml version="1.0" encoding="ISO-8859-1"?>
<!-- $Id$ -->
<security xmlns:xsi="http://www.w3.org/2001/XMLSchema-instance" xsi:noNamespaceSchemaLocation="security.xsd">

<!--security-common.xml will be merged with security-common-onpremise.xml during zohosecurity build generation  -->

<!-- email and username_or_email regex configured for onpremise services-->
<!-- For cloud services the regex will be loaded from security-iamagent.xml -->

	<regexes>
		<regex name="email" value="^[\w]([\w\-\.\+\'\/]*)@([\w\-\.]*)(\.[a-zA-Z]{2,22}(\.[a-zA-Z]{2}){0,2})$" />
		<regex name="username_or_email" value="^(([\w\.]+)|[\w]([\w\-\.\+\'\/]*)@([\w\.\-]+\.[a-zA-Z]{2,22}))$" />
	</regexes>

<!-- $Id$ -->
	<urls>
		<url path="/robots.txt" description="For search engine bots" method="get,post"/>
		<url path="/zsecagentnotify" method="post" internal="true" scoped-services="AppSense" description="To Notify Control Components">
			<param name="service" regex="waf_text"/>
		    <param name="data" type="JSONArray" template="${COMPONENT}" max-len="50000"/>
		</url>
		<url path="/waf-agent/clean-live-window-count" method="POST" authentication="required" roles="WafAgentServiceAdmin" trusted="true">
			<param name="app-host-ip" regex="waf_ipaddress" min-occurrences="1"/>
		</url>
		<!-- To avoid migration, from M2_31 isc signature is sent while triggering request. Signature verification should be mandated from M2_33 by configuring scoped-services as all -->
		<url path="/getzsecservicename" method="get" internal="true" description="To get the service name of the requested domain" />
	</urls>
   <jsontemplates>
    <jsontemplate name="PROPERTY">
			<key name="COMPONENT" regex="waf_component" />
			<key name="NAME" regex="waf_text_period" min-occurrences="1"/>
			<key name="VALUE" regex="cleartextpattern" min-occurrences="1" />
		</jsontemplate>
		
		<jsontemplate name="HASH">
			<key name="COMPONENT" regex="waf_component" />
			<key name="NAME" regex="waf_text" min-occurrences="1"/>
			<key name="VALUE" type="JSONArray" template="hashtemplate" min-occurrences="1" max-len="50000" array-size="0-150" />
		</jsontemplate>
		
		<jsontemplate name="APPFIREWALL">
			<key name="COMPONENT" regex="waf_component" />
			<key name="NAME" regex="waf_text" min-occurrences="1"/>
			<key name="VALUE" type="JSONArray" template="primitivelong" min-occurrences="1" max-len="50000" array-size="0-150" />
		</jsontemplate>

		<jsontemplate name="ATTACK_DISCOVERY">
			<key name="COMPONENT" regex="waf_component" />
			<key name="NAME" regex="ad.add|ad.update|ad.remove" min-occurrences="1"/>
			<key name="VALUE" type="JSONObject" template="attackdiscoveryobj" min-occurrences="1" max-len="50000" array-size="0-150" />
		</jsontemplate>
   
     <jsontemplate name="primitivelong">
         <key index="0-50" type="long" />
     </jsontemplate>
     <jsontemplate name="hashtemplate">
         <key index="0-150" regex="waf_text" max-len="150"/>
     </jsontemplate>
	<jsontemplate name="attackdiscoveryobj">
		<key name="attack-discovery-info" type="JSONObject" template="ad_info" min-occurrences="1" max-occurrences="1" max-len="50000" />
		<key name="instrument-info" type="JSONObject" template="ad_instrument_info" max-len="50000" max-occurrences="1" />
	</jsontemplate>
	<jsontemplate name="ad_info">
		<key name="id" type="String" min-occurrences="1" max-occurrences="1"/>
		<key name="name" regex="waf_text_period" max-occurrences="1"/>
	</jsontemplate>
	<jsontemplate name="ad_instrument_info">
		<key name="class-name" regex="waf_class_name" max-len="200" min-occurrences="1" max-occurrences="1" />
		<key name="method" regex="waf_method" min-occurrences="1" max-occurrences="1" />
		<key name="type" regex="waf_ad_instrumenttype" min-occurrences="1" max-occurrences="1" />
		<key name="target-info" type="JSONObject" template="ad_target_info" min-occurrences="1" max-occurrences="1" />
		<key name="data-field-info" type="JSONArray" template="ad_datafield_info" min-occurrences="1" max-occurrences="1" array-size="0-20" max-len="1000"/>
	</jsontemplate>
	<jsontemplate name="ad_target_info">
		<key name="type" regex="waf_ad_target_type" min-occurrences="1" max-occurrences="1" />
		<key name="after" type="boolean" max-occurrences="1" />
	</jsontemplate>
	<jsontemplate name="ad_datafield_info">
		<key name="name" regex="cleartextpattern" min-occurrences="1" max-occurrences="1" />
		<key name="type" regex="waf_ad_datafield_type" min-occurrences="1" max-occurrences="1" />
		<key name="class-type" regex="waf_class_type" max-occurrences="1"/>
		<key name="argument-index" type="int" max-occurrences="1" />
		<key name="owner-type" regex="waf_class_name" max-occurrences="1" />
		<key name="field-name" regex="cleartextpattern" max-occurrences="1" />
		<key name="field-static" type="boolean" max-occurrences="1" />
		<key name="method-name" regex="waf_method" max-occurrences="1" />
		<key name="method-type" regex="STATIC|INTERFACE|NORMAL" max-occurrences="1"/>
		<key name="constant-data" regex="^[a-zA-Z0-9-. ]{1,100}$" max-occurrences="1"/>
	</jsontemplate>
   </jsontemplates>

<!--  Regex for WAF Server to Agent Communication -->
	<regexes>
		<regex name="waf_text_period" value="[a-zA-Z0-9_\.\-]+" />
	  <regex name="waf_text" value="[a-zA-Z0-9_-]+" />
	  <regex name="waf_ipaddress" value="^(?:(?:25[0-5]|2[0-4][0-9]|[01]?[0-9][0-9]?)\.){3}(?:25[0-5]|2[0-4][0-9]|[01]?[0-9][0-9]?)$" />
	  <regex name="waf_component" value="PROPERTY|HASH|APPFIREWALL|ATTACK_DISCOVERY"/>
	  <regex name="waf_class_name" value="([a-z][a-z_0-9]*\.)*\p{javaJavaIdentifierStart}\p{javaJavaIdentifierPart}*"/>
	  <regex name="waf_class_type" value="[a-zA-Z0-9_\.\-$\[\]]+"/>
	  <regex name="waf_method" value="^&lt;clinit&gt;(?:\(\))?|(?:(?:(?:[_a-zA-Z][_$a-zA-Z0-9]*)|&lt;init&gt;)?(\((([a-zA-Z0-9_\.\-$\[\]]+,[ ]?)*([a-zA-Z0-9_\.\-$\[\]]+)?)\))?)?$"/>
	  <regex name="waf_ad_instrumenttype" value="BYTE|SOURCE"/>
	  <regex name="waf_ad_target_type" value="METHOD_BODY"/>
	  <regex name="waf_ad_datafield_type" value="CURRENT_INSTANCE|ARGUMENT|RETURN|FIELD|METHOD|DIRECT_CONSTANT|THROW"/>
	</regexes>

	
	<!--  Regex for Default RequestHeaders and Cookies -->
	<regexes>
		<!-- '*' is allowed in Accept header, since HttpURLConnection sets Accept header with value '*;q=.2' by default, which is invalid according to RFC. Bug ref link @ https://bugs.openjdk.java.net/browse/JDK-8163921 -->
		<regex name="accept_regex" value="^((\s)?(\*|[\w\-\.\+*]+\/[\w\-\.\+*]+)\s*(;\s*[\w\-\.]+=[\w\-\.]+)*)$"/>
		<regex name="accept_encoding_regex" value="^((\s)?(deflate|gzip|\*|compress|identity|br)\s*(;\s*q=(1|0)(\.[0-9]{0,3})?)?)$"/>
		<regex name="accept_language_regex" value="^((\s)?(\*|[a-zA-Z]{2,3}(-[a-zA-Z0-9]{2,4})?)\s*(;\s*q=(1|0)(\.[0-9]{0,3})?)?)$" />
		<regex name="accept_charset_regex" value="^((,)?( )?(utf-8|iso-8859-1|\*)((;)q=[0-9.]+)?)+$" />
		<regex name="content_type_regex" value="^(application|video|image|text|multipart|\*)\/(x-www-form-urlencoded|pdf|webp|example|byteranges|gif|plain|html|jpeg|form-data|\*)(;)?( )?((charset|boundary)=(UTF-8|[a-z0-9A-Z-_]{1,70}))?$" />
		<regex name="connection_regex" value="^(keep-alive|Keep-Alive|close|Close|upgrade|Upgrade)$" />
		<regex name="authorization_regex" value="^([A-Za-z0-9- +\/=]+)$" />
		<regex name="date_regex" value="^([a-zA-z]{3}, [0-9]{2} [a-zA-z]{3} [0-9]{4} [0-9]{2}:[0-9]{2}:[0-9]{2} GMT)$" />
		<regex name="upgrade_regex" value="^(websocket)$" />
		<regex name="pragma_regex" value="^(no-cache)$" />
		<regex name="if-match_regex" value="^((,)?( )?(W\/)?((&quot;[a-zA-Z0-9\-]+&quot;)|\*))+$" />
		<regex name="cache_control_regex" value="^((,)?([ ]*)((max-age|max-stale|min-fresh)(=[0-9]+)?|no-cache|no-store|no-transform|only-if-cached))+$" />
		<regex name="websocket_key_regex" value="^([A-Za-z0-9=]{0,32})$" />
		<regex name="websocket_extensions_regex" value="^[\w\-\.]+(?:(,|;)\s?[\w\-\.=]+)*$" />
		<regex name="transfer_encoding_regex" value="^((,)?([ ]*)(chunked|compress|deflate|gzip|identity))+$" />
		<regex name="host_regex" value="^([a-zA-Z-0-9\.]+)(:[0-9]{2,5})?$" />
		<regex name="http_method" value="^(GET|PUT|POST|DELETE|OPTIONS|TRACE|get|post|put|delete|options|trace)$" />
		<regex name="connection_regex" value="^(keep-alive|Keep-Alive|close|Close|upgrade|Upgrade)$" />
		<regex name="transfer_encoding" value="^((,)?([ ]*)(chunked|compress|deflate|gzip|identity))+$" />
		<regex name="http_version" value="^HTTP\/[0-2.]{1,3}$" />
		<regex name="country_code" value="^([a-zA-Z]{0,3})$" />
		<regex name="user_agent" value="^[a-zA-Z0-9-.\/_ ]{1,15}$" />
	</regexes>
						<!-- cookies -->
	<regexes>
		<regex name="csrf_cookie_value" value="[a-f0-9-]+" />
		<regex name="country_code" value="^([A-Za-z]{0,3})$" />
		<regex name="alphanumeric" value="^[a-zA-Z0-9-. ]{1,15}$" />
		<regex name="nullstring" value="^null$" />
		<regex name="iamagent_ticket_regex" value="^([a-f0-9]{1,32})$" />
		<regex name="google_utma_regex" value="^((\.)?([0-9]{1,32}))+$" />
		<regex name="google_utmz_regex" value="^((\.)?([0-9a-z=|()\/]))+$" />
		<regex name="zxor_regex" value="^(ht|f)tp(s?)\:\/\/[-.\w]*(\/?)([a-zA-Z0-9\|\-\.\?\,\:\'\/\\\+=&amp;%\$#_@]*)?$" />
		<regex name="jsessionid_name" value="(jsessionid|JSESSIONID)" />
	</regexes>
						<!-- userAgent Device type regexes -->
	<regexes>
		<regex name="MOBILE" value=".*(iphone|ipod|android|mobile|blackberry|opera mini|opera mobi|skyfire|maemo|windows phone|palm|iemobile|symbian|symbianos|fennec|mobile|sonyericsson|micromax|motorola|nokia|samsung|karbonn|htc|spice|lg-lg225|lg-a130|lg-cb630|alcatel|mtc540|acer_e101|amoi|ot-s686|ot-s692|asus-j206|asus-j501|asus-m303|asus-v80|asus-z801|cdm-8910|gt-i8350|gt-i8700|gt-i8710|gt-i8750|gt-i9300|gt-i9505|gt-s7530|le070|omnia 7|benq|(?:m|b|id)[ _]?bot[ _]?[0-9]+|power bot|generic smartphone|generic feature phone).*" />
		<regex name="TABLET" value=".*(ipad|iprod|android 3|sch-i800|tablet|playbook|tablet|kindle|gt-p1000|sgh-t849|sgh-i987|shw-m180s|shw-m180l|sph-p100|a511|dell streak|silk|a101it|a70bht|nook|mid7015|ideos s7|sc-01c|m[ _]bot[ _]tab).*" />
		<regex name="TV" value=".*(googletv|smarttv|nettv|hbbtv|TV|playstation|nitendo|kylo|libnup|lg|sansui).*" />
		<regex name="DESKTOP" value=".*(desktop|mac).*" />
		<regex name="BOT" value=".*(bot|spider).*" />
	</regexes>					
						
	<defaultparams>
		<param name="iscsignature" regex="iscsignature" max-len="50000" secret="true"/>
		<param name="frameorigin" regex="url" max-len="50000" />
		<param name="_zlat" type="double" />
		<param name="_zlng" type="double" />
		
		<!-- Audit Filter Default Params (Subjected to change in future)-->
		<param name="af_orgId" type="long"/>
		<param name="af_support_ticket_id" type="long" />
		<param name="af_justification_code" regex="Customer_Initiated_Support|Legal_Requirement|Zoho_Initiated_Review" />
		<param name="af_tabId" regex="af_tabId" />

	</defaultparams>

	<regexes>
	    <regex name="iscsignature" value="[a-zA-Z0-9\-]+" />
		<!-- The username regex should not be used for creating new username -->
		<regex name="username" value="^[A-Za-z0-9_.]+$" />
		<regex name="digest" value="^([a-zA-Z0-9\._\*\-%])+$" />
		<regex name="password" value="^.{3,250}$" />
		<regex name="apikey" value="^[a-f0-9]{32}$" />
		<regex name="csapikey" value="^[a-f0-9]+$" />
		<regex name="iamticket" value="^(?:[a-z0-9\.\-])+$" />
		<regex name="servicename" value="[a-zA-Z0-9]+" />
		<regex name="rolename" value="^[a-zA-Z]{1,20}$" />
		<regex name="ipaddress" value="^(?:(?:25[0-5]|2[0-4][0-9]|[01]?[0-9][0-9]?)\.){3}(?:25[0-5]|2[0-4][0-9]|[01]?[0-9][0-9]?)$" />
		<regex name="url" value="^(ht|f)tp(s?)\:\/\/[-.\w]*(\/?)([a-zA-Z0-9\-\.\?\,\:\'\/\\\+=&amp;%\$#_@]*)?$" />
		<regex name="serviceurl" value="^((ht|f)tp(s?)\:\/\/[-.\w]*)?(\/?)([a-zA-Z0-9\-\.\?\,\:\'\/\\\+=&amp;%\$;#_@]*)?$" />
		<regex name="filename" value="^[a-zA-Z0-9.\-_ ]{0,255}$" />
		<regex name="directoryname" value="^[a-zA-Z0-9.-\_ ]{0,255}$" />
		<regex name="country" value="^[a-zA-Z]{2}$" />
		<regex name="language" value="^[a-zA-Z-0-9_-]{2,12}$" />
		<regex name="subdomain" value="^([a-zA-Z0-9\-])+$" />
		<regex name="domain" value="^([a-zA-Z0-9]([a-zA-Z0-9\-]{0,61}[a-zA-Z0-9])?\.)+[a-zA-Z]{2,22}$" />
		<regex name="creditcard" value="^(\d{4}[- ]?){3}\d{4}$" />
		<regex name="ssn" value="^(?!000)([0-6]\d{2}|7([0-6]\d|7[012]))([ -]?)(?!00)\d\d\3(?!0000)\d{4}$" />
		<regex name="syscmd" value="^[a-zA-Z\-\/]{0,64}$" />
		<regex name="httpparametername" value="^[a-zA-Z0-9_]{0,32}$" />
		<regex name="httpparametervalue" value="^[a-zA-Z0-9.\-\/+=_ ]*$"  />
		<regex name="httpcookiename" value="^[a-zA-Z0-9\-_]{0,32}$" />
		<regex name="httpcookievalue" value="^[a-zA-Z0-9\-\/+=_\. ]*$" />
		<regex name="jsessionid" value="^[A-F0-9]{32}$" />
		<regex name="httpheadername" value="^[a-zA-Z0-9\-_]{0,32}$" />
		<regex name="httpheadervalue" value="^[a-zA-Z0-9()\-=\*\.\?;,+\/:&amp;_ ]*$" />
		<regex name="gender" value="^M|F$" />
		<regex name="cipherpercenttext" value="^[A-Za-z0-9%]+$" />
		<regex name="ciphertext" value="^[a-zA-Z0-9/=+\*\-\.]+$" />
		<regex name="hipstring" value="^([a-zA-Z0-9])+$" />
		<regex name="cleartextpattern" value="[0-9a-zA-Z_\-\.\$@\?\,\:\'\/\!\P{InBasicLatin}\s]+" />
		<regex name="html_escape_pat" value="[&lt;&gt;]|(?:(&amp;(?!(amp;|lt;|gt;|quot;|#x27;|#x2f;|#39;))))" />
		<regex name="html_attribute_escape_pat" value="[&lt;&gt;&quot;'=]" />
		<regex name="javascript_escape_pat" value="[&lt;&gt;&quot;';\n]" />
		<regex name="css_escape_pat" value="[;}&lt;&gt;\n]|!(#)" />
		<regex name="hexvalue" value="[a-f0-9]+" />
		<regex name="tokenpair" value="[a-f0-9A-Z, :]+"/>
		<!-- Audit Filter Param Regexes -->
		<regex name="af_tabId" value="tid_[0-9]+" />
	</regexes>

	<xsspatterns>
		<xsspattern name="safehtmlfilter"
  			    	skip-neko-output-escaping="true"
  			    	enable-csssyntax-strict="true"
  				remove-element-names="APPLET,EMBED,FRAME,IFRAME,SCRIPT,INPUT,FORM,FRAMESET,BASE,META,SVG,OBJECT,PARAM"
  				remove-element-values="&lt;|&gt;"
  				remove-attribute-names="on,fscommand,seeksegmenttime,datasrc,dynsrc,lowsrc"
  				remove-element-attributes="embed|src|;base64|indexof,embed|allowscriptaccess|always,object|allowscriptaccess|always,param|name|allowscriptaccess,applet|[code/archive/dir/lang/xml:lang],iframe|[sandbox/seamless/srcdoc/longdesc/dir/lang/xml:lang],script|[class/dir/id/lang/style/title/charset/xml:lang],input|[accept/align/autofocus/form/formaction/formenctype/formmethod/formnovalidate/formtarget/height/list/max/min/multiple/pattern/placeholder/required/step/width],form|[accept/accept-charset/enctype/novalidate/target/action/method/name],area|[download/hreflang/media/rel/type],base|[href/target],basefont|[color/face/size],object|[data/form],param|[class/dir/style/title/lang/xml:lang],meta|[http-equiv/content],link|href,frame|src,embed|code"
  				remove-attribute-values="javascript:|indexof,javascript&amp;colon;|indexof,jscript:|indexof,jscript&amp;colon;|indexof,vbscript:|indexof,vbscript&amp;colon;|indexof,livescript:|indexof,livescript&amp;colon;|indexof,prompt(|indexof,prompt`|indexof,prompt&amp;lpar;|indexof,confirm(|indexof,confirm`|indexof,confirm&amp;lpar;|indexof,alert(|indexof,alert`|indexof,alert&amp;lpar;|indexof,&lt;script|indexof,x-scriptlet,data:|indexof,data&amp;colon;|indexof,;base64|indexof,urn:schemas-microsoft-com,urn&amp;colon;schemas-microsoft-com"
  				remove-css-property="^position|behavior"
  				remove-css-value="javascript|absolute|^expression"
  				css-hyphen-prefix="(?:(\W\-\w))"
  				insert-element-attributes="embed|allowscriptaccess|never,object|allowscriptaccess|never,iframe|allowfullscreen|false"
  				trusted-script-domains="^([a-zA-Z0-9]([a-zA-Z0-9\-]{0,61}[a-zA-Z0-9])?\.)*((google(((syndication|-analytics)?\.com)|(ads\.g\.doubleclick\.net)))|((baihui|zoho)\.com))$"
  				ignore-meta-charset="true"
  />
		<!-- must be given for the input data to be shown part of html -->
		<xsspattern name="htmlfilter" skip-neko-output-escaping="true"
			enable-csssyntax-strict="true" remove-element-names="APPLET,EMBED,FRAME,IFRAME,SCRIPT,INPUT,FORM,META,SVG"
			remove-attribute-names="on,fscommand,seeksegmenttime,datasrc,dynsrc"
			remove-attribute-values="javascript:|indexof,javascript&amp;colon;|indexof,vbscript:|indexof,vbscript&amp;colon;|indexof,alert(|indexof,alert`|indexof,alert&amp;lpar;|indexof,prompt(|indexof,prompt`|indexof,prompt&amp;lpar;|indexof,confirm(|indexof,confirm`|indexof,confirm&amp;lpar;|indexof,&lt;script|indexof,x-scriptlet,data:|indexof,data&amp;colon;|indexof,;base64|indexof,urn:schemas-microsoft-com,urn&amp;colon;schemas-microsoft-com"
			remove-element-attributes="object|data,object|allowscriptaccess|always,param|name|allowscriptaccess,meta|content|;base64|indexof,meta|http-equiv|set-cookie,embed|src|;base64|indexof,embed|allowscriptaccess|always,link|href,meta|http-equiv|X-UA-Compatible|indexof,meta|content|data:|indexof,meta|content|data&amp;colon;|indexof"
			remove-element-values="&lt;|&gt;" remove-css-property="^position|behavior"
			remove-css-value="javascript|absolute|^expression" css-hyphen-prefix="(?:(\W\-\w))"
			insert-element-attributes="embed|allowscriptaccess|never,object|allowscriptaccess|never,iframe|allowfullscreen|false"
			trusted-script-domains="^([a-zA-Z0-9]([a-zA-Z0-9\-]{0,61}[a-zA-Z0-9])?\.)*((google(((syndication|-analytics)?\.com)|(ads\.g\.doubleclick\.net)))|((baihui|zoho)\.com))$"
			ignore-meta-charset="true" />

		<!-- must be given for the input data to be shown as css -->
		<xsspattern name="cssfilter" filter-css-only="true"  remove-css-property="position" remove-css-value="javascript|absolute|^expression"
			css-hyphen-prefix="(?:(\W\-\w))" />

        <!-- must be given for the css properties raw declarations  -->
        <xsspattern name="cssfilter_raw_declarations" filter-css-only="true" filter-css-raw-declarations="true"
           remove-css-property="position"
    	   remove-css-value="javascript|absolute|^expression"/>

		<!-- Parser configuration used to detect XSS without any XSS detect pattern -->
		<xsspattern name="throwerror" extends="htmlfilter"
			xss-filter-type="JTIDY" jtidy-critical-parser-errorcodes="8,29"
			xss-detect-throwerror="true" />

		<xsspattern name="jtidyhtmlfilter" extends="htmlfilter"
			jtidy-critical-parser-errorcodes="8,29" xss-filter-type="JTIDY" />

		<!-- Can be used to always HTML purify & XSS filter (without any XSS detect check) -->
		<xsspattern name="htmlpurifyfilter" extends="htmlfilter" balance-html-tags="true" />

		<!-- Original antisamy filter . Does escaping of all element content & attribute values -->
		<xsspattern name="antisamyfilter" xss-filter-type="ANTISAMY"
			whitelist-policy="antisamy-zoho-myspace-1.4.4.xml" />

		<!-- Zoho extended antisamy filter to support HTML5 and CSS3 -->
		<xsspattern name="antisamyfilter_html5andcss3" xss-filter-type="ANTISAMY"
			whitelist-policy="antisamy-zoho-html5andcss3-policy.xml" />

	    	<!-- Zoho extended antisamy filter to filter Internal CSS  -->
		<xsspattern name="antisamyfilter_css" xss-filter-type="ANTISAMY_CSS"
			whitelist-policy="antisamy-zoho-css2andcss3-policy.xml"  />
	</xsspatterns>

	<properties>
		<!--NOTE: xss.detect.pattern is based on OWASP ModSecurity CoreRuleSet
			http://www.owasp.org/index.php/Category:OWASP_ModSecurity_Core_Rule_Set_Project
			modsecurity-apache_2.5.10/rules/optional_rules/modsecurity_crs_40_generic_attacks.conf -->
		<property name="xss.detect.pattern" value="(?:\b(?:(?:type\b\W*?\b(?:text\b\W*?\b(?:j(?:ava)?|ecma|vb)|application\b\W*?\bx-(?:java|vb))script|c(?:opyparentfolder|reatetextrange)|get(?:special|parent)folder|iframe\b.{0,100}?\bsrc)\b|on(?:(?:mo(?:use(?:o(?:ver|ut)|down|move|up)|ve)|key(?:press|down|up)|c(?:hange|lick)|s(?:elec|ubmi)t|(?:un)?load|dragdrop|resize|focus|blur)\b\W*?=|abort\b)|(?:l(?:owsrc\b\W*?\b(?:(?:java|vb)script|shell|http)|ivescript)|(?:href|url)\b\W*?\b(?:(?:java|vb)script|shell)|background-image|mocha):|s(?:(?:tyle\b\W*=.*\bexpression\b\W*|ettimeout\b\W*?)\(|rc\b\W*?\b(?:(?:java|vb)script|shell|http):)|a(?:ctivexobject\b|lert\b\W*?\(|sfunction:))|&lt;(?:(?:body\b.*?\b(?:backgroun|onloa)d|input\b.*?\btype\b\W*?\bimage)\b| ?(?:(?:script|meta)\b|iframe)|!\[cdata\[)|(?:\.(?:(?:execscrip|addimpor)t|(?:fromcharcod|cooki)e|innerhtml)|\@import)\b)" />
		<property name="xss.detect.pattern.ext" value="(?:&lt;(applet|embed|frame|input|form|link|object|style)\b)|(?:&lt;.*\b((on(\w)*?)|fscommand|seeksegmenttime|datasrc|dynsrc)\b\W*?=)" />
		<property name="xss.encodecheck.pattern" value="(?i:(%|&amp;#|\\(u|x))\w+)" />
		<property name="xss.trimctrlchars.pattern" value="[\x00]" />
		<property name="dos.accessinfo.expiry.schedule.timeinterval" value="3600000"/>
	</properties>

<url-validators>
 <url-validator name="zsec_urlvalidator_throwerror" mode="error">
      <scheme name="http,https,ftp">
                <domainauthority allowed-values="alpha|digit|_|-|.|@|:|%"></domainauthority>
                <pathinfo allowed-values="alpha|digit|_|-|.|/|;|%|="></pathinfo>
                <querystring allowed-values="alpha|digit|_|-|%|=|&amp;|.| "></querystring>
                <fragment allowed-values="alpha|digit|_|.|?|/|$|\|(|)|*|+| |%"></fragment>
      </scheme>
      <scheme name="mailto">
                <domainauthority allowed-values="alpha|digit|_|-|.|@"></domainauthority>
                <querystring allowed-values="alpha|digit|_|-|%|=|&amp;|@|."></querystring>
      </scheme>
      <scheme name="tel">
                <domainauthority allowed-values="alpha|digit|_|-|.|+|;|=|%"></domainauthority>
      </scheme>
       <scheme name="data">
                <datapart allowed-values ="alpha|digit|%|=|/|+| "></datapart>
                <mimetypes allowed-values = "image/jpg|image/png|image/gif" ></mimetypes>
                <charsets allowed-values = "utf-8|iso-8859-1" ></charsets>
                <encoding allowed-values = "base64" ></encoding>
       </scheme>
 </url-validator>
  <url-validator name="zsec_urlvalidator_encode" mode="encode">
      <scheme name="http,https,ftp">
                <domainauthority allowed-values="alpha|digit|_|-|.|@|:|%"></domainauthority>
                <pathinfo allowed-values="alpha|digit|_|-|.|/|;|%|="></pathinfo>
                <querystring allowed-values="alpha|digit|_|-|%|=|&amp;|."></querystring>
                <fragment allowed-values="alpha|digit|_|.|?|/|$|\|(|)|*|+| |%"></fragment>
      </scheme>
      <scheme name="mailto">
                <domainauthority allowed-values="alpha|digit|_|-|.|@"></domainauthority>
                <querystring allowed-values="alpha|digit|_|-|%|=|&amp;|."></querystring>
      </scheme>
      <scheme name="tel">
                <domainauthority allowed-values="alpha|digit|_|-|.|+|;|=|%"></domainauthority>
      </scheme>
       <scheme name="data">
                <datapart allowed-values ="alpha|digit|%|=|/|+| "></datapart>
                <mimetypes allowed-values = "image/jpg|image/png|image/gif" ></mimetypes>
                <charsets allowed-values = "utf-8|iso-8859-1" ></charsets>
                <encoding allowed-values = "base64" ></encoding>
       </scheme>
  </url-validator>
</url-validators>
<zip-sanitizers>
  <!-- Default Zip santizers for santize / error actions -->
 <zip-sanitizer name="zsec_safezip_sanitizer" action="sanitize" max-extraction-size="1048576" max-files-count="1000" max-level="10" 
   blocked-extensions="ade|adp|app|asa|asp|bas|bat|cer|chm|cmd|com|cpl|crt|csh|dll|exe|fxp|hlp|hta|htr|inf|ins|isp|its|js|jse|ksh|lnk|mad|maf|mag|mam|maq|mar|mas|mat|mau|mav|maw|mda|mdb|mde|mdt|mdw|mdz|mht|msc|msi|msp|mst|ocx|ops|pcd|pif|prf|prg|reg|scf|scr|sct|shb|shs|tmp|url|vb|vbe|vbs|vbx|vsmacros|vss|vst|vsw|ws|wsc|wsf|wsh|xsl|docm|dotm|xlsm|xltm|xlam|pptm|potm|ppam|ppsm|sldm"
   blocked-content-types="(application/x-msdownload; format=.*)|application/x-bat|application/vnd.ms-htmlhelp|application/x-msdownload|application/x-matlab-data|application/x-msaccess|multipart/related|audio/adpcm|text/asp|text/x-basic|application/pkix-cert|application/x-x509-ca-cert|application/x-csh|application/x-dosexec|application/winhlp|application/javascript|application/vnd.ecowin.chart|application/x-ms-installer|application/x-ms-installer|application/x-ms-installer|application/pics-rules|text/x-vbdotnet|text/x-vbscript|application/vnd.visio|application/vnd.ms-word.document.macroenabled.12|application/vnd.ms-word.template.macroenabled.12|application/vnd.ms-excel.sheet.macroenabled.12|application/vnd.ms-excel.template.macroenabled.12|application/vnd.ms-excel.addin.macroenabled.12|application/vnd.ms-powerpoint.presentation.macroenabled.12|application/vnd.ms-powerpoint.template.macroenabled.12|application/vnd.ms-powerpoint.addin.macroenabled.12|application/vnd.ms-powerpoint.slideshow.macroenabled.12|application/vnd.ms-powerpoint.slide.macroenabled.12"  /> 
   
   
   <zip-sanitizer name="zsec_safezip_validator" action="error" max-extraction-size="1048576" max-files-count="1000" max-level="10" 
   blocked-extensions="ade|adp|app|asa|asp|bas|bat|cer|chm|cmd|com|cpl|crt|csh|dll|exe|fxp|hlp|hta|htr|inf|ins|isp|its|js|jse|ksh|lnk|mad|maf|mag|mam|maq|mar|mas|mat|mau|mav|maw|mda|mdb|mde|mdt|mdw|mdz|mht|msc|msi|msp|mst|ocx|ops|pcd|pif|prf|prg|reg|scf|scr|sct|shb|shs|tmp|url|vb|vbe|vbs|vbx|vsmacros|vss|vst|vsw|ws|wsc|wsf|wsh|xsl|docm|dotm|xlsm|xltm|xlam|pptm|potm|ppam|ppsm|sldm"
   blocked-content-types="(application/x-msdownload; format=.*)|application/x-bat|application/vnd.ms-htmlhelp|application/x-msdownload|application/x-matlab-data|application/x-msaccess|multipart/related|audio/adpcm|text/asp|text/x-basic|application/pkix-cert|application/x-x509-ca-cert|application/x-csh|application/x-dosexec|application/winhlp|application/javascript|application/vnd.ecowin.chart|application/x-ms-installer|application/x-ms-installer|application/x-ms-installer|application/pics-rules|text/x-vbdotnet|text/x-vbscript|application/vnd.visio|application/vnd.ms-word.document.macroenabled.12|application/vnd.ms-word.template.macroenabled.12|application/vnd.ms-excel.sheet.macroenabled.12|application/vnd.ms-excel.template.macroenabled.12|application/vnd.ms-excel.addin.macroenabled.12|application/vnd.ms-powerpoint.presentation.macroenabled.12|application/vnd.ms-powerpoint.template.macroenabled.12|application/vnd.ms-powerpoint.addin.macroenabled.12|application/vnd.ms-powerpoint.slideshow.macroenabled.12|application/vnd.ms-powerpoint.slide.macroenabled.12"  /> 

</zip-sanitizers>
<!-- Default Pii Detector -->
<pii-detector>
		<pii-classifier>
			<categories>
				<category value="Personal" />
				<category value="Identity"/>
				<category value="Authentication_And_Authorization"/>
				<category value="Financial"/>
				<category value="Account"/>
				<category value="ZOHOPII" />
				<category value="Device_Information"/>
				<category value="Internet_And_Telecommunication"/>
			</categories>
			<sensitivities>
				<sensitivity value="High" />
				<sensitivity value="Medium" />
			</sensitivities>
		</pii-classifier>
	</pii-detector>


</security>