<?xml version="1.0" encoding="ISO-8859-1"?>
<!-- $Id: Reports.xml,v 1.3 2009/07/16 13:32:00 sabarinathan Exp $ -->
<Reports>
<WebClient_Report>
	<Class
		 name="com.adventnet.qengine.web.report.WebClientReportWriter"/>
 </WebClient_Report>
<WSF_Report>
	<Class
		 name="com.adventnet.qengine.ws.report.WSFReportWriter"/>
</WSF_Report>
<Validation_Report>
	<Class
		 name="com.adventnet.testtools.report.ValidationReportWriter"/>
</Validation_Report>
<Summary_Report>
	<Class 
		name="com.adventnet.testtools.report.SummaryReportWriter"/>
</Summary_Report>
<Comparision_Report 
		comparisondir="compare" 
		comparisonsubdir3="solaris" 
		comparisonsubdir2="windows" 
		comparisonsubdir1="linux"/>
<Performance_Report>
	<Class 
		name="com.adventnet.qengine.performance.report.PerformanceReporter"/>
</Performance_Report>
<Bug_Report 
	mail_format="none" 
	smtp_mail_server="mail-server1"
	smtp_auth_user=""
	smtp_auth_pass="">
	<Problem_Reporter
		Class="com.adventnet.testtools.server.AdventNetIssueReporter"/>
</Bug_Report>
</Reports>
